{
  "project_info": {
    "project_number": "1033024558527",
    "firebase_url": "https://dineease-project-64ac2-default-rtdb.firebaseio.com",
    "project_id": "dineease-project-64ac2",
    "storage_bucket": "dineease-project-64ac2.appspot.com"
  },
  "client": [
    {
      "client_info": {
        "mobilesdk_app_id": "1:1033024558527:android:dc72dfcdc72b030c627d0a",
        "android_client_info": {
          "package_name": "com.app.dineEase"
        }
      },
      "oauth_client": [
        {
          "client_id": "1033024558527-957idm3blf0bo3o8ke1niqf6o3g9vsdi.apps.googleusercontent.com",
          "client_type": 1,
          "android_info": {
            "package_name": "com.app.dineEase",
            "certificate_hash": "22febf589b4765123ede3bfdb58f3f846cb61b78"
          }
        },
        {
          "client_id": "1033024558527-mpu04fkr83sda35frfngrmc0sov4lg74.apps.googleusercontent.com",
          "client_type": 3
        }
      ],
      "api_key": [
        {
          "current_key": "AIzaSyCeS0mlKElcqyLyDO2v-N9ef4U5dXUX2SY"
        }
      ],
      "services": {
        "appinvite_service": {
          "other_platform_oauth_client": [
            {
              "client_id": "1033024558527-mpu04fkr83sda35frfngrmc0sov4lg74.apps.googleusercontent.com",
              "client_type": 3
            }
          ]
        }
      }
    }
  ],
  "configuration_version": "1"
}